"company","website","type","place of business","primary contact","servicing markets","supported languages"
"Adsigo AG","www.adsigo.com","QSA (P2PE), PA-QSA (P2PE)","Germany, Switzerland","Adsigo PCI Team sales@adsigo.com +49 176 1235 0900","Europe","English, German"
"Advantio Limited","www.advantio.com","QSA (P2PE), PA-QSA (P2PE)","France, Germany, Ireland, Italy, Lithuania, Luxembourg, Portugal, Spain, UK, Ukraine","Marco Borza  contact@advantio.com T: +353 (0)1 5065556","Europe","Bulgarian, Dutch, English, French, Italian, Lithuanian, Russian, Ukrainian, German, Spanish"
"atsec (Beijing) Information Technology Co., Ltd","//www.atsec.com/","QSA (P2PE), PA-QSA (P2PE)","China, Germany, Sweden, USA","Yan Liu  yan@atsec.com  +86-10-53056681","APAC","Chinese, English"
"BroadBand Security, Inc. (BBSec)","www.bbsec.co.jp/en/","QSA (P2PE)","Japan, South Korea","Takafumi Shido  shido@bbsec.co.jp  +81-3-6457-1893","APAC","English, French, Japanese, Korean, Portuguese, Spanish, Thai"
"BSI Group Japan K.K.","www.bsigroup.com/ja-JP/","QSA (P2PE)","Asia Pacific","Takanobu Minami, Takanobu.minami@bsigroup.com  +81-3-6890-1179","Asia Pacific","Japanese"
"Coalfire Systems, Inc","www.coalfire.com","QSA (P2PE), PA-QSA (P2PE)","USA","Tim Winston twinston@coalfire.com T 206-550-0248  Andrew Barratt (Europe) abarratt@coalfire.com T+44 161 464 6301","USA, Europe","English"
"Control Gap","www.controlgap.com","QSA (P2PE), PA-QSA (P2PE)","Canada","Bruce Duff pci@controlgap.com 1-866-644-8808","Canada","English"
"ControlCase, LLC","www.controlcase.com","QSA (P2PE), PA-QSA (P2PE)","Canada, Colombia, Dubai, India, Kuwait, USA","Kishor Vaswani (USA)  kvaswani@controlcase.com  T - +1.703.483.6383   Erik Winkler (United Kingdom) ewinkler@controlcase.com T - +44 (0) 7469249831   Kim Simon (Canada) ksimon@controlcase.com T  1 416 900 1272  Andres Gutierrez (Colombia/Latin America)  agutierrez@controlcase.com  T: +57-13816834  Suresh Dadlani (Asia Pacific &amp; CEMEA)  sdadlani@controlcase.com  T: +91-22-71279034      Afy Merchant (UAE, GCC)  amerchant@controlcase.com  T - +971.508.760.981   Nobuyuki Yagi (Japan)  nyagi@controlcase.com  +81-3-4321-5504   Sizka Ferawati (Indonesia) sferawati@controlcase.com T - +62 8131 9918 179  Rukman Suriawarsita (Indonesia)  rsuriawarsita@controlcase.com  T: +62-21-51111817    Mostafa Ibrahim (Egypt)  mibrahim@controlcase.com  T: +20168843998   Tran Ha Quynh Dao (Vietnam, Cambodia &amp; Laos)  dao@controlcase.com  T : (+84) 979 710 906   Timal Jayamanne (Sri Lanka, Nepal, Maldives, Myanmar)  tjayamanne@controlcase.com  T +94777377107   Mitch Mascardo (Manila, Philippines)  mmascardo@controlcase.com  T: +63.2.7591445      Karolien Holsters (Netherlands, Belgium, Spain, France, Luxembourg) kholsters@controlcase.com  Netherlands : +31-858887600  Belgium : +32-78480234  Spain: +34-911238404  France: +33-975181681  Luxemburg: +352-20881406   Biju John (Kuwait)  bjohn@controlcase.com  +965.99768639   Stevie Heong (Malaysia)   sheong@controlcase.com +60.392121712   Kleber Melo (Brazil)  kmelo@controlcase.com  T: +55.1135005856","CEMEA, Canada, Europe, LAC, USA, Asia Pacific","Arabic, English, Hindi, Japanese, Korean, Russian, Spanish"
"Dara Security","www.darasecurity.com","QSA (P2PE)","USA","Vallery LaBarre valleryl@darasecurity.com T-775-622-5386775-622-5386","USA","English"
"Deiteriy Company Ltd.","www.deiteriy.com","QSA (P2PE), PA-QSA (P2PE)","Russia","Sergey Shustikov  Sergey.Shustikov@deiteriy.com T-7 (812) 361-61-55","CEMEA","Russian, English"
"Digital Security","//dsec.ru/","QSA (P2PE)","CEMEA","Andrew Gaiko a.gaiko@dsec.ru +7-495-223-07-86","CEMEA","English, Russian"
"Foregenix Ltd.","www.foregenix.com","QSA (P2PE), PA-QSA (P2PE)","UK, South Africa, Greece, Romania, Uruguay, Argentina, Brazil, Canada, Dubai, Russia, USA, Germany, Australia","EUROPE pci-team@foregenix.com  +44 845 309 6232   LAC pci-team@foregenix.com  +54 9342 421 6688            USA AND CANADA pci-team@foregenix.com  +1 6179331737   CEMEA pci-team@foregenix.com  +27 860 44 4461  APAC pci-team@foregenix.com  T +61 420 904 914","Europe","English, Italian, Spanish, Afrikaans, French, Greek, Guajarati, Hindi, Hungarian, Portuguese, Punjabi, Romanian, Russian, Urdu, Hebrew"
"International Certificate Authority of Management System","www.icms.co.jp","QSA (P2PE)","Japan","Yoichi Ueno y-ueno@icms.co.jp +81-3-5719-7533","Asia Pacific","English, Japanese"
"K3DES, LLC","www.k3des.com","QSA (P2PE), PA-QSA (P2PE)","USA","Jim Richardson Jim.richardson@k3des.com +1 713-545-5867","USA","English"
"NCC Services Ltd","www.nccgroup.trust/uk/our-services/security-consulting/information-risk-management-and-governance/","QSA (P2PE), PA-QSA (P2PE)","England","Ben Jepson  Ben.Jepson@nccgroup.trust T  0161 209 5200","USA, Europe","English, Polish"
"Nixu Corporation","www.europoint.se","QSA (P2PE), PA-QSA (P2PE)","Sweden","Björn Sjöholm bear@nixu.com +46 705 220110","Europe","Danish, Dutch, English, Finnish, German, Norwegian, Swedish"
"NRI Secure Technologies LTD","www.nri-secure.co.jp/","QSA (P2PE)","Japan","Naoaki Suda suda@nri-secure.co.jp +81-3-6706-0608","Asia Pacific","English, Japanese"
"NTT Data Intellilink Corporation","www.intellilink.co.jp/","QSA (P2PE), PA-QSA (P2PE)","Japan","Yo Ikeya ikeyayo@intellilink.co.jp  +81 3 5859 5428","Asia Pacific","Japanese"
"Payment Software Company (PSC)","www.paysw.com","QSA (P2PE), PA-QSA (P2PE)","Asia Pacific, Canada, Europe, UK, USA","Tony Bates tony@paysw.com Campbell CA USA","USA, Canada","English, French, Romanian, Spanish"
"Schellman & Company, LLC","www.schellmanco.com/","QSA (P2PE), PA-QSA (P2PE)","USA","Jacob Ansari pci@brightline.com 866.254.0000 ext 185","USA","English"
"Secure Pro Inc.","secure-pro.co.jp","QSA (P2PE)","","Takayuki Okochi  email: okochi@secure-pro.co.jp  phone: +81-90-8450-3187","APAC","English, Japanese"
"SecuriCentrix","www.securicentrix.com","QSA (P2PE)","Ireland, South Africa","David Steele  david.steele@securicentrix.com  +27 21 300 2785 (S. Africa)  +353 1 901 0347 (Ireland)","CEMEA, Europe","English"
"SecurityMetrics, Inc.","www.securitymetrics.com","QSA (P2PE), PA-QSA (P2PE)","Europe, USA","Joe Rivest jrivest@securitymetrics.com 801-705-5619 North Orem UT United States","Asia Pacific, USA, Europe","English, Spanish"
"Sikich LLP","www.403labs.com","QSA (P2PE), PA-QSA (P2PE)","USA","D.J. Vogel djvogel@sikich.com  877.403.5227 17145J W. Bluemound Rd. Suite 200 Brookfield, Wisconsin 53005 United States","USA","English"
"SISA","www.sisa.co.in","QSA (P2PE), PA-QSA (P2PE)","USA, Saudi Arabia, Japan, Australia, China, New Zealand, India, Kuwait, Russia, South Africa, Hong Kong, Singapore, Philippines, Malaysia, Indonesia, Egypt, UAE, Bahrain, Oman, Qatar, Thailand, Vietnam, Morocco, Nepal, Sri Lanka, Azerbaijan, Bosnia-Herzegovina, Ethiopia, Georgia, Kenya, Mauritius, Myanmar, Tanzania, Uganda","Nitin (India, Sri Lanka, Nepal and Bangladesh) qsa@sisainfosec.com  +91-98208-85922   Sam (Asia Pacific) T: +65 3163 1024 E-mail: qsa@sisainfosec.com","USA, Asia Pacific","Arabic, Bahasa Malaysia, Chinese, English, French, Japanese, Russian, Spanish"
"SRC Security Research & Consulting GmbH","www.src-gmbh.de","QSA (P2PE), PA-QSA (P2PE)","Europe","Thilo Pannen +49-(0)228-2806-103  pci@src-gmbh.de Germany","Europe","English, French, Russian, Polish, German, Turkish"
"Sysnet Limited, dba Sysnet Global Solutions","www.sysnet.ie","QSA (P2PE), PA-QSA (P2PE)","Europe","Ian Wright  UK Ian.wright@sysnetgs.com +44 (0) 7557 262364  James Devoy  Western Europe james.devoy@sysnetgs.com  +44 (0)771 7777147","Europe","English"
"Tevora Business Solutions, Inc.","www.tevora.com","QSA (P2PE), PA-QSA (P2PE)","USA","Ray Zadjmool, P2PE@tevora.com 949.250.3290","USA","English"
"Trustwave Holdings, Inc.","www.trustwave.com","QSA (P2PE), PA-QSA (P2PE)","USA, UK, Korea, Sweden, Hungary, Japan, Australia, China, Brazil, New Zealand, India, France, South Africa, Lithuania, Netherlands, Hong Kong, Taiwan, Singapore, Philippines, Malaysia, Mexico, Colombia, UAE, Thailand, Vietnam, Pakistan, Nepal, Bangladesh, Sri Lanka, Macau, Mongolia","Johan Hagdahl (Global) P2PE@trustwave.com +46 763 497 942","CEMEA, Canada, Europe, LAC, USA, Asia Pacific","Afrikaans, Arabic, Cantonese, Danish, Dutch, English, French, German, Greek, Hindi, Hungarian, Italian, Japanese, Korean, Lithuanian, Mandarin, Norwegian, Polish, Portuguese, Russian, Spanish, Swedish, Taiwanese, Urdu"
"UL Transaction Security PTY Ltd.","www.ul.com","QSA (P2PE), PA-QSA (P2PE)","Australia","Ms. Shimul Noor  Shimul.noor@ul.com  T: +61 3 8592 1215","Asia Pacific","Cantonese, Chinese (Mandarin), English, Japanese"
"usd AG","www.usd.de/pci","QSA (P2PE), PA-QSA (P2PE)","Germany","Christopher Kristes  pci@usd.de  T +49 6102 8631-90","Europe","English, French, German, Polish, Russain, Spanish"
"Verizon/CyberTrust","www.verizonbusiness.com","QSA (P2PE), PA-QSA (P2PE)","Europe, USA","Eric Jolent eric.jolent@at.verizon.com +43 1 727 14 8662","CEMEA, Canada, Europe, LAC, USA, Asia Pacific","Arabic, Cantonese, Chinese (Mandarin), Dutch, English, French, German, Indonesian, Italian, Korean, Malaysian, Romanian"

